split,features,model,fold,balanced_accuracy,auc
random,all,logistic regression,0,0.8666270360425101,0.9283129610427755
random,all,logistic regression,1,0.8723976262386839,0.9338784184379698
random,all,logistic regression,2,0.8742526158445441,0.9320769962083381
random,all,logistic regression,3,0.8731315396113601,0.9312283688703885
random,all,logistic regression,4,0.8619207772795217,0.9257354025484793
random,all,random forest,0,0.9779553082701393,0.9966831163769542
random,all,random forest,1,0.9787044373456444,0.9977253920207179
random,all,random forest,2,0.9786995515695067,0.9964168292143417
random,all,random forest,3,0.9816890881913304,0.9977583362938235
random,all,random forest,4,0.9783258594917787,0.9969256285735353
random,all,gradient boosting,0,0.982065502344335,0.9982543819828211
random,all,gradient boosting,1,0.9844943612559627,0.9982832778588351
random,all,gradient boosting,2,0.9815022421524664,0.9970360185538953
random,all,gradient boosting,3,0.9843049327354261,0.9984972718802576
random,all,gradient boosting,4,0.9822496263079223,0.9977367610225198
random,where,logistic regression,0,0.569745431520124,0.5409049741668077
random,where,logistic regression,1,0.5668144544151503,0.5271702198822612
random,where,logistic regression,2,0.5674514200298953,0.5421383900742022
random,where,logistic regression,3,0.5599775784753362,0.5282947464144553
random,where,logistic regression,4,0.5642750373692078,0.5305017081470458
random,where,random forest,0,0.9878568919874946,0.997677720804975
random,where,random forest,1,0.9878577295491182,0.9978528409811086
random,where,random forest,2,0.984118086696562,0.9967368973167904
random,where,random forest,3,0.9863602391629298,0.9955345472460737
random,where,random forest,4,0.9867339312406577,0.997055918075972
random,where,gradient boosting,0,0.976088034427133,0.9959012526013268
random,where,gradient boosting,1,0.9811325982892525,0.9961947481535953
random,where,gradient boosting,2,0.9751494768310911,0.9939046716536963
random,where,gradient boosting,3,0.976270553064275,0.9954606746342957
random,where,gradient boosting,4,0.9749626307922272,0.9960854498046077
random,when,logistic regression,0,0.8303871405255309,0.8875953214924455
random,when,logistic regression,1,0.8344708118149793,0.8915177621693515
random,when,logistic regression,2,0.8383781763826608,0.8954599903700278
random,when,logistic regression,3,0.8335201793721974,0.8898525843404586
random,when,logistic regression,4,0.828288490284006,0.8862407163492798
random,when,random forest,0,0.830951377872627,0.8791811076249936
random,when,random forest,1,0.8355897941441042,0.8870878987421499
random,when,random forest,2,0.8458520179372198,0.8952700721242469
random,when,random forest,3,0.8338938714499253,0.8892303926168723
random,when,random forest,4,0.8273542600896862,0.8814924809132163
random,when,gradient boosting,0,0.8376763695388888,0.8964015141997406
random,when,gradient boosting,1,0.8419400467806085,0.9009722275733103
random,when,gradient boosting,2,0.8492152466367713,0.9063474029238472
random,when,gradient boosting,3,0.8451046337817638,0.902768630979911
random,when,gradient boosting,4,0.8333333333333333,0.8941491355368317
random,how,logistic regression,0,0.6682154577023005,0.7404758075908768
random,how,logistic regression,1,0.677572765957922,0.7521141451315614
random,how,logistic regression,2,0.6793721973094171,0.7453689273640911
random,how,logistic regression,3,0.6752615844544096,0.7446843838046657
random,how,logistic regression,4,0.6857249626307922,0.751243126635252
random,how,random forest,0,0.8851127190433036,0.9589910983950645
random,how,random forest,1,0.8849245468652023,0.9569579175537839
random,how,random forest,2,0.8877055306427504,0.960411122729639
random,how,random forest,3,0.8927503736920777,0.9623818736440396
random,how,random forest,4,0.8821001494768311,0.9581804910392102
random,how,gradient boosting,0,0.8804455464894163,0.956634199986264
random,how,gradient boosting,1,0.8877227704528361,0.9560740806504839
random,how,gradient boosting,2,0.8897608370702541,0.9574182346093605
random,how,gradient boosting,3,0.8936846038863976,0.961026541633431
random,how,gradient boosting,4,0.8806053811659192,0.9535698765084535
temporal,all,logistic regression,0,0.868022117853145,0.9232432963845946
temporal,all,logistic regression,1,0.8652874313142693,0.930431556139221
temporal,all,logistic regression,2,0.8631296130489977,0.9198582677033454
temporal,all,logistic regression,3,0.8600407322419268,0.9288603183505117
temporal,all,logistic regression,4,0.8744473433674225,0.9356091507318967
temporal,all,random forest,0,0.9665112488465156,0.9954280264860118
temporal,all,random forest,1,0.9730951911470049,0.9966769428768214
temporal,all,random forest,2,0.9755261496729459,0.9958404561029397
temporal,all,random forest,3,0.9762630793396148,0.9958066793726832
temporal,all,random forest,4,0.9798372461813786,0.9972723833613919
temporal,all,gradient boosting,0,0.9691461087637999,0.9965299112738712
temporal,all,gradient boosting,1,0.978877025659989,0.9976339486956625
temporal,all,gradient boosting,2,0.9783337283835634,0.9977269954433817
temporal,all,gradient boosting,3,0.9813241665307435,0.9970171397162818
temporal,all,gradient boosting,4,0.9844927396636878,0.9973122377358805
temporal,where,logistic regression,0,0.5269027185364099,0.44156470572463397
temporal,where,logistic regression,1,0.52930912363236,0.49564871672125027
temporal,where,logistic regression,2,0.6208173184437087,0.538556762855116
temporal,where,logistic regression,3,0.561976184039128,0.5780304240577178
temporal,where,logistic regression,4,0.5756166609432714,0.6308990756018639
temporal,where,random forest,0,0.9801684478178199,0.994628198195984
temporal,where,random forest,1,0.9824362270761287,0.9961045967001801
temporal,where,random forest,2,0.9837444508006119,0.9961922322794846
temporal,where,random forest,3,0.9855987617219706,0.9971835989605793
temporal,where,random forest,4,0.9805726326780744,0.9960605591059218
temporal,where,gradient boosting,0,0.962612583425128,0.9923518121714106
temporal,where,gradient boosting,1,0.972710322033226,0.992791314917337
temporal,where,gradient boosting,2,0.9740354981248376,0.9961025433138377
temporal,where,gradient boosting,3,0.9790630020310263,0.9971779432563898
temporal,where,gradient boosting,4,0.972923384676377,0.9932632147613344
temporal,when,logistic regression,0,0.8400776325697061,0.896576302012928
temporal,when,logistic regression,1,0.8276421767392704,0.8855925587875002
temporal,when,logistic regression,2,0.8293305531847889,0.8892256122092019
temporal,when,logistic regression,3,0.825487870818689,0.8831163544531757
temporal,when,logistic regression,4,0.8419110277263603,0.8955017602930377
temporal,when,random forest,0,0.8342926152423042,0.8922666554204268
temporal,when,random forest,1,0.8319026890006195,0.8862616808334622
temporal,when,random forest,2,0.8310211029411559,0.8863894865826702
temporal,when,random forest,3,0.8247862842051403,0.8747092549105476
temporal,when,random forest,4,0.8435632742288074,0.896121701718973
temporal,when,gradient boosting,0,0.843642820914431,0.9054929036971826
temporal,when,gradient boosting,1,0.8350909860748881,0.8963415928442274
temporal,when,gradient boosting,2,0.839624194160348,0.89917794653728
temporal,when,gradient boosting,3,0.835058998071754,0.8883186946020283
temporal,when,gradient boosting,4,0.8523250944360222,0.9077746043179529
temporal,how,logistic regression,0,0.6035186579586511,0.6727050967809687
temporal,how,logistic regression,1,0.6626207464003007,0.7412682470692133
temporal,how,logistic regression,2,0.6665346808036019,0.7353717646014333
temporal,how,logistic regression,3,0.7020999559832602,0.772095230328204
temporal,how,logistic regression,4,0.7216818266844232,0.7885322701777603
temporal,how,random forest,0,0.8262503435316619,0.9214496002743785
temporal,how,random forest,1,0.8779759627174105,0.9538936297737873
temporal,how,random forest,2,0.8509354035640511,0.9339032107393358
temporal,how,random forest,3,0.8877609444160186,0.9597898284464325
temporal,how,random forest,4,0.8836279485955346,0.9588979951365099
temporal,how,gradient boosting,0,0.8334220557381518,0.9211058591419641
temporal,how,gradient boosting,1,0.87139087452429,0.9511610032068701
temporal,how,gradient boosting,2,0.865508429646021,0.9444312295722039
temporal,how,gradient boosting,3,0.8798019023275248,0.9561948254635723
temporal,how,gradient boosting,4,0.8745659991233434,0.9512041465300869
spatial,all,logistic regression,0,0.7879279919710922,0.8916700576986987
spatial,all,logistic regression,1,0.843671682979599,0.904963660902534
spatial,all,logistic regression,2,0.8675241237276985,0.9282712898715054
spatial,all,logistic regression,3,0.8711506667635623,0.9522610290777951
spatial,all,logistic regression,4,0.7091058157234957,0.8709153664487821
spatial,all,random forest,0,0.666429046903831,0.9294559728532622
spatial,all,random forest,1,0.9146478838022583,0.9806980877426534
spatial,all,random forest,2,0.8840917280159205,0.9742968664773572
spatial,all,random forest,3,0.9086623623778205,0.9934422236655645
spatial,all,random forest,4,0.8560216690544412,0.9661239143087393
spatial,all,gradient boosting,0,0.6875850439481052,0.9321828246455258
spatial,all,gradient boosting,1,0.9291546388967445,0.9795214643242263
spatial,all,gradient boosting,2,0.8172647874566533,0.9577815757199102
spatial,all,gradient boosting,3,0.9687386450347008,0.995235598497511
spatial,all,gradient boosting,4,0.9043578751790831,0.9768314044591689
spatial,where,logistic regression,0,0.5244935646297703,0.420667341902826
spatial,where,logistic regression,1,0.3921822513226236,0.3849363462250334
spatial,where,logistic regression,2,0.4603359305527549,0.5548774722895311
spatial,where,logistic regression,3,0.6216712919225319,0.670158129246757
spatial,where,logistic regression,4,0.4423732987106017,0.5113365195200572
spatial,where,random forest,0,0.540766970588944,0.6253772626269326
spatial,where,random forest,1,0.7861531484304407,0.8483089127930636
spatial,where,random forest,2,0.7219873852490719,0.7898510097420521
spatial,where,random forest,3,0.8291270756876568,0.9718143502915954
spatial,where,random forest,4,0.6204596839183382,0.7941076065544412
spatial,where,gradient boosting,0,0.5291074308650251,0.6588196040264669
spatial,where,gradient boosting,1,0.8239450625501517,0.8038762182966954
spatial,where,gradient boosting,2,0.6879566483638179,0.9211182203151704
spatial,where,gradient boosting,3,0.8822035899858289,0.9643758544611387
spatial,where,gradient boosting,4,0.7554625940186246,0.8718280606420129
spatial,when,logistic regression,0,0.7931058751156334,0.8679064312778892
spatial,when,logistic regression,1,0.8238681106888219,0.8851844459236062
spatial,when,logistic regression,2,0.8469339147049781,0.8863190612985656
spatial,when,logistic regression,3,0.7940538588714072,0.8808512845872243
spatial,when,logistic regression,4,0.8600868553008596,0.9200366001074498
spatial,when,random forest,0,0.7815097006618041,0.8574612275502953
spatial,when,random forest,1,0.8134855729989354,0.8677359167316194
spatial,when,random forest,2,0.8343890804388716,0.8718505271022106
spatial,when,random forest,3,0.7880794438792196,0.8409905305266888
spatial,when,random forest,4,0.8590448155444126,0.896352301217765
spatial,when,gradient boosting,0,0.8143854674393269,0.874494851736819
spatial,when,gradient boosting,1,0.8289110082978679,0.8850742272912255
spatial,when,gradient boosting,2,0.8462094590797447,0.8852317167102476
spatial,when,gradient boosting,3,0.786721957777697,0.8548354977789687
spatial,when,gradient boosting,4,0.8622845406518624,0.9143377003492119
spatial,how,logistic regression,0,0.5767722226457574,0.707105589971918
spatial,how,logistic regression,1,0.6044567270440598,0.6551315036178154
spatial,how,logistic regression,2,0.684946264995719,0.7963294578896738
spatial,how,logistic regression,3,0.763996130227826,0.858048456178918
spatial,how,logistic regression,4,0.5177387401504299,0.5331626913950573
spatial,how,random forest,0,0.699041204256958,0.8376993489548528
spatial,how,random forest,1,0.7314567569338585,0.8534891885149598
spatial,how,random forest,2,0.8213807796947468,0.8947545974750664
spatial,how,random forest,3,0.8496398205007085,0.9402659985783584
spatial,how,random forest,4,0.6274741448782235,0.7360112318678367
spatial,how,gradient boosting,0,0.663670759997109,0.8115714884006903
spatial,how,gradient boosting,1,0.7266047660433494,0.8396040119007382
spatial,how,gradient boosting,2,0.7970919296668133,0.880237055500276
spatial,how,gradient boosting,3,0.8383501462519531,0.9340354581501398
spatial,how,gradient boosting,4,0.6686128895057306,0.8085780802292264
